Volumn,Step,Week,cont1,cont2,cont3,cont4,cont5,cont6,cont7,cont8,
v1,basic,1,3-v1_b_hello.mp4,5-v1_b_song.mp4,6-v1_b_story.mp4,ss01_step5.mp4,1-v1_b_Aa.mp4,7-v1_s1_Aa_chant.mp4,ps01_step5.mp4,4-v1_b_open_shut them.mp4,
v1,basic,2,3-v1_b_hello.mp4,5-v1_b_song.mp4,6-v1_b_story.mp4,ss01_step5.mp4,1-v1_b_Aa.mp4,9-v1_s1_Bb_chant.mp4,ps01_step5.mp4,4-v1_b_open_shut them.mp4,
v1,basic,3,3-v1_b_hello.mp4,5-v1_b_song.mp4,6-v1_b_story.mp4,ss01_step5.mp4,2-v1_b_Bb.mp4,10-v1_s1_Cc_chant.mp4,ps01_step5.mp4,4-v1_b_open_shut them.mp4,
v1,basic,4,3-v1_b_hello.mp4,5-v1_b_song.mp4,6-v1_b_story.mp4,ss01_step5.mp4,2-v1_b_Bb.mp4,11-v1_s1_Dd_chant.mp4,ps01_step5.mp4,4-v1_b_open_shut them.mp4,
v1,step1,1,3-v1_b_hello.mp4,13-v1_s1_song.mp4,14-v1_s1_story.mp4,ss01_step5.mp4,8-v1_s1_alphabet_song.mp4,7-v1_s1_Aa_chant.mp4,ps01_step5.mp4,12-v1_s1_head_and_shoulder.mp4,
v1,step1,2,3-v1_b_hello.mp4,13-v1_s1_song.mp4,14-v1_s1_story.mp4,ss01_step5.mp4,8-v1_s1_alphabet_song.mp4,9-v1_s1_Bb_chant.mp4,ps01_step5.mp4,12-v1_s1_head_and_shoulder.mp4,
v1,step1,3,3-v1_b_hello.mp4,13-v1_s1_song.mp4,14-v1_s1_story.mp4,ss01_step5.mp4,8-v1_s1_alphabet_song.mp4,10-v1_s1_Cc_chant.mp4,ps01_step5.mp4,12-v1_s1_head_and_shoulder.mp4,
v1,step1,4,3-v1_b_hello.mp4,13-v1_s1_song.mp4,14-v1_s1_story.mp4,ss01_step5.mp4,8-v1_s1_alphabet_song.mp4,11-v1_s1_Dd_chant.mp4,ps01_step5.mp4,12-v1_s1_head_and_shoulder.mp4,
v1,step2,1,3-v1_b_hello.mp4,20-v1_s2_song.mp4,21-v1_s2_story.mp4,ss01_step6.mp4,15-v1_s2_ A says a.mp4,11-v1_s1_Dd_chant.mp4,ps01_step6.mp4,22-v1_s2_thumbkin_song.mp4,
v1,step2,2,3-v1_b_hello.mp4,20-v1_s2_song.mp4,21-v1_s2_story.mp4,ss01_step6.mp4,16-v1_s2_B says a.mp4,11-v1_s1_Dd_chant.mp4,ps01_step6.mp4,22-v1_s2_thumbkin_song.mp4,
v1,step2,3,3-v1_b_hello.mp4,20-v1_s2_song.mp4,21-v1_s2_story.mp4,ss01_step6.mp4,17-v1_s2_C says c.mp4,11-v1_s1_Dd_chant.mp4,ps01_step6.mp4,22-v1_s2_thumbkin_song.mp4,
v1,step2,4,3-v1_b_hello.mp4,20-v1_s2_song.mp4,21-v1_s2_story.mp4,ss01_step6.mp4,18-v1_s2_D days d.mp4,11-v1_s1_Dd_chant.mp4,ps01_step6.mp4,22-v1_s2_thumbkin_song.mp4,
v1,step3,1,3-v1_b_hello.mp4,26-v1_s3_Here We.mp4,29-v1_s3_story.mp4,ss01_step7.mp4,28-v1_s3_short a.mp4,25-v1_s3_at.mp4,ps01_step7.mp4,27-v1_s3_If You're Happy.mp4,
v1,step3,2,3-v1_b_hello.mp4,26-v1_s3_Here We.mp4,29-v1_s3_story.mp4,ss01_step7.mp4,28-v1_s3_short a.mp4,24-vl_s3_an.mp4,ps01_step7.mp4,27-v1_s3_If You're Happy.mp4,
v1,step3,3,3-v1_b_hello.mp4,26-v1_s3_Here We.mp4,29-v1_s3_story.mp4,ss01_step7.mp4,28-v1_s3_short a.mp4,23-v1_b_hello.mp4,ps01_step7.mp4,27-v1_s3_If You're Happy.mp4,
v1,step3,4,3-v1_b_hello.mp4,26-v1_s3_Here We.mp4,29-v1_s3_story.mp4,ss01_step7.mp4,28-v1_s3_short a.mp4,23-v1_b_hello.mp4,ps01_step7.mp4,27-v1_s3_If You're Happy.mp4,
v2,basic,1,33_B_song2.mp4,35_B_storysong.mp4,34-V2_B_story.mp4,ss01_step5.mp4,30-V2_B_ph_C.mp4,31-B_ph_D.mp4,ps01_step5.mp4,32-V2_B_song1.mp4,
v2,basic,2,33_B_song2.mp4,35_B_storysong.mp4,34-V2_B_story.mp4,ss01_step5.mp4,30-V2_B_ph_C.mp4,31-B_ph_D.mp4,ps01_step5.mp4,32-V2_B_song1.mp4,
v2,basic,3,33_B_song2.mp4,35_B_storysong.mp4,34-V2_B_story.mp4,ss01_step5.mp4,30-V2_B_ph_C.mp4,31-B_ph_D.mp4,ps01_step5.mp4,32-V2_B_song1.mp4,
v2,basic,4,33_B_song2.mp4,35_B_storysong.mp4,34-V2_B_story.mp4,ss01_step5.mp4,30-V2_B_ph_C.mp4,31-B_ph_D.mp4,ps01_step5.mp4,32-V2_B_song1.mp4,
v2,step1,1,40-v2_s1_song1.mp4,43-v2_s1_storysong.mp4,42-v2_s1_story.mp4,ss01_step5.mp4,36-v2_s1_ph_e.mp4,38-v2_s1_ph_g.mp4,ps01_step5.mp4,41-v2_s1_song2.mp4,
v2,step1,2,40-v2_s1_song1.mp4,43-v2_s1_storysong.mp4,42-v2_s1_story.mp4,ss01_step5.mp4,36-v2_s1_ph_e.mp4,38-v2_s1_ph_g.mp4,ps01_step5.mp4,41-v2_s1_song2.mp4,
v2,step1,3,40-v2_s1_song1.mp4,43-v2_s1_storysong.mp4,42-v2_s1_story.mp4,ss01_step5.mp4,37-v2_s1_ph_f.mp4,39-v2_s1_ph_h.mp4,ps01_step5.mp4,41-v2_s1_song2.mp4,
v2,step1,4,40-v2_s1_song1.mp4,43-v2_s1_storysong.mp4,42-v2_s1_story.mp4,ss01_step5.mp4,37-v2_s1_ph_f.mp4,39-v2_s1_ph_h.mp4,ps01_step5.mp4,41-v2_s1_song2.mp4,
v2,step2,1,47-V2_s2_song1.mp4,50-V2_S2_storysong.mp4,49-V2_S2_story.mp4,ss01_step6.mp4,44-V2_S2_ph_e.mp4,46-V2_S2_ph_shorta.mp4,ps01_step6.mp4,48-V2_s2_song2.mp4,
v2,step2,2,47-V2_s2_song1.mp4,50-V2_S2_storysong.mp4,49-V2_S2_story.mp4,ss01_step6.mp4,44-V2_S2_ph_e.mp4,46-V2_S2_ph_shorta.mp4,ps01_step6.mp4,48-V2_s2_song2.mp4,
v2,step2,3,47-V2_s2_song1.mp4,50-V2_S2_storysong.mp4,49-V2_S2_story.mp4,ss01_step6.mp4,45-V2_s2_ph_f.mp4,46-V2_S2_ph_shorta.mp4,ps01_step6.mp4,48-V2_s2_song2.mp4,
v2,step2,4,47-V2_s2_song1.mp4,50-V2_S2_storysong.mp4,49-V2_S2_story.mp4,ss01_step6.mp4,45-V2_s2_ph_f.mp4,46-V2_S2_ph_shorta.mp4,ps01_step6.mp4,48-V2_s2_song2.mp4,
v2,step3,1,57-v2 s3 song2.mp4,59-v2_s3_storysong.mp4,58-v2_s3_story.mp4,ss01_step7.mp4,51-v2_s3_ph_longA.mp4,52-v2_s3_ph_WF_ail.mp4,ps01_step7.mp4,56-v2_s3_song1.mp4,
v2,step3,2,57-v2 s3 song2.mp4,59-v2_s3_storysong.mp4,58-v2_s3_story.mp4,ss01_step7.mp4,53-v2_s3_ph_WF_ake.mp4,53-v2_s3_ph_WF_ake.mp4,ps01_step7.mp4,56-v2_s3_song1.mp4,
v2,step3,3,57-v2 s3 song2.mp4,59-v2_s3_storysong.mp4,58-v2_s3_story.mp4,ss01_step7.mp4,55-v2_s3_ph_WF_longA_ALL.mp4,53-v2_s3_ph_WF_ake.mp4,ps01_step7.mp4,56-v2_s3_song1.mp4,
v2,step3,4,57-v2 s3 song2.mp4,59-v2_s3_storysong.mp4,58-v2_s3_story.mp4,ss01_step7.mp4,55-v2_s3_ph_WF_longA_ALL.mp4,53-v2_s3_ph_WF_ake.mp4,ps01_step7.mp4,56-v2_s3_song1.mp4,
v3,basic,1,63-Basic 04 The Muffin Man.mp4,61-basic_02_Song_Town colors.mp4,60-basic_01_Story_Town colors.mp4,ss01_step5.mp4,64-Basic_05_phonics_e.mp4,65-Basic_06_phonics_f_3_153726.mp4,ps01_step5.mp4,62-basic_03 Walking walking.mp4,
v3,basic,2,63-Basic 04 The Muffin Man.mp4,61-basic_02_Song_Town colors.mp4,60-basic_01_Story_Town colors.mp4,ss01_step5.mp4,64-Basic_05_phonics_e.mp4,65-Basic_06_phonics_f_3_153726.mp4,ps01_step5.mp4,62-basic_03 Walking walking.mp4,
v3,basic,3,63-Basic 04 The Muffin Man.mp4,61-basic_02_Song_Town colors.mp4,60-basic_01_Story_Town colors.mp4,ss01_step5.mp4,64-Basic_05_phonics_e.mp4,65-Basic_06_phonics_f_3_153726.mp4,ps01_step5.mp4,62-basic_03 Walking walking.mp4,
v3,basic,4,63-Basic 04 The Muffin Man.mp4,61-basic_02_Song_Town colors.mp4,60-basic_01_Story_Town colors.mp4,ss01_step5.mp4,64-Basic_05_phonics_e.mp4,65-Basic_06_phonics_f_3_153726.mp4,ps01_step5.mp4,62-basic_03 Walking walking.mp4,
v3,step1,1,69-Step1_04_phonics_This little pig went to market.mp4,67-Step1_02_song_who help me.mp4,66-Step1_01_story_who help me.mp4,ss01_step5.mp4,70-Step1_05_phonics_l i.mp4,72-Step1_09_phonics K K Chant.mp4,ps01_step5.mp4,68-Step1_03_Song_willowbe.mp4,
v3,step1,2,69-Step1_04_phonics_This little pig went to market.mp4,67-Step1_02_song_who help me.mp4,66-Step1_01_story_who help me.mp4,ss01_step5.mp4,70-Step1_05_phonics_l i.mp4,72-Step1_09_phonics K K Chant.mp4,ps01_step5.mp4,68-Step1_03_Song_willowbe.mp4,
v3,step1,3,69-Step1_04_phonics_This little pig went to market.mp4,67-Step1_02_song_who help me.mp4,66-Step1_01_story_who help me.mp4,ss01_step5.mp4,71-Step1_07_phonics_J j.mp4,73-Step1_11_Phonics_Li chant.mp4,ps01_step5.mp4,68-Step1_03_Song_willowbe.mp4,
v3,step1,4,69-Step1_04_phonics_This little pig went to market.mp4,67-Step1_02_song_who help me.mp4,66-Step1_01_story_who help me.mp4,ss01_step5.mp4,71-Step1_07_phonics_J j.mp4,73-Step1_11_Phonics_Li chant.mp4,ps01_step5.mp4,68-Step1_03_Song_willowbe.mp4,
v3,step2,1,77-Step2_04_Song_The Farmer In the Dell.mp4,75-Step2_02_Song_Whose Hat Is This.mp4,74-Step2_01_Story Whose Hat Is This.mp4,ss01_step6.mp4,78-Step2_05_G says g.mp4,80-Step2_07_1 says i.mp4,ps01_step6.mp4,76-step2_03_Song_pat a cake.mp4,
v3,step2,2,77-Step2_04_Song_The Farmer In the Dell.mp4,75-Step2_02_Song_Whose Hat Is This.mp4,74-Step2_01_Story Whose Hat Is This.mp4,ss01_step6.mp4,78-Step2_05_G says g.mp4,80-Step2_07_1 says i.mp4,ps01_step6.mp4,76-step2_03_Song_pat a cake.mp4,
v3,step2,3,77-Step2_04_Song_The Farmer In the Dell.mp4,75-Step2_02_Song_Whose Hat Is This.mp4,74-Step2_01_Story Whose Hat Is This.mp4,ss01_step6.mp4,79-Step2_06_H says h.mp4,81-Step2_08_J says j.mp4,ps01_step6.mp4,76-step2_03_Song_pat a cake.mp4,
v3,step2,4,77-Step2_04_Song_The Farmer In the Dell.mp4,75-Step2_02_Song_Whose Hat Is This.mp4,74-Step2_01_Story Whose Hat Is This.mp4,ss01_step6.mp4,79-Step2_06_H says h.mp4,81-Step2_08_J says j.mp4,ps01_step6.mp4,76-step2_03_Song_pat a cake.mp4,
v3,step3,1,"85-Step3_04_Song_To Market, To Market.mp4",83-step3_02_Song City Mouse And Country Mouse.mp4,82-step3_01_Story City Mouse And Country Mouse.mp4,ss01_step7.mp4,86-Step3_05_Phonics_short e.mp4,88-Step3_06_Word Family Song-en.mp4,ps01_step7.mp4,84-step3_03_ants go marching.mp4,
v3,step3,2,"85-Step3_04_Song_To Market, To Market.mp4",83-step3_02_Song City Mouse And Country Mouse.mp4,82-step3_01_Story City Mouse And Country Mouse.mp4,ss01_step7.mp4,86-Step3_05_Phonics_short e.mp4,89-Step3_06_Word Family Song-est.mp4,ps01_step7.mp4,84-step3_03_ants go marching.mp4,
v3,step3,3,"85-Step3_04_Song_To Market, To Market.mp4",83-step3_02_Song City Mouse And Country Mouse.mp4,82-step3_01_Story City Mouse And Country Mouse.mp4,ss01_step7.mp4,87-Step3_06_Word Family Song.mp4,90-Step3_06 Word Family Song-et.mp4,ps01_step7.mp4,84-step3_03_ants go marching.mp4,
v3,step3,4,"85-Step3_04_Song_To Market, To Market.mp4",83-step3_02_Song City Mouse And Country Mouse.mp4,82-step3_01_Story City Mouse And Country Mouse.mp4,ss01_step7.mp4,87-Step3_06_Word Family Song.mp4,90-Step3_06 Word Family Song-et.mp4,ps01_step7.mp4,84-step3_03_ants go marching.mp4,
v4,basic,1,94-basic_04_teddy bear teddy bear.mp4,91-basic_01_Run Away.mp4,91-basic_01_Run Away.mp4,ss01_step5.mp4,95-Basic_05_phonics_Gg.mp4,97-Basic_07_Color_red yellow green.mp4,ps01_step5.mp4,93-basic_03_The Itsy Bitsy Spider.mp4,
v4,basic,2,94-basic_04_teddy bear teddy bear.mp4,91-basic_01_Run Away.mp4,91-basic_01_Run Away.mp4,ss01_step5.mp4,95-Basic_05_phonics_Gg.mp4,97-Basic_07_Color_red yellow green.mp4,ps01_step5.mp4,93-basic_03_The Itsy Bitsy Spider.mp4,
v4,basic,3,94-basic_04_teddy bear teddy bear.mp4,91-basic_01_Run Away.mp4,91-basic_01_Run Away.mp4,ss01_step5.mp4,96-Basic_06_phonics_Hh.mp4,98-basic_08 fish and cat.mp4,ps01_step5.mp4,93-basic_03_The Itsy Bitsy Spider.mp4,
v4,basic,4,94-basic_04_teddy bear teddy bear.mp4,91-basic_01_Run Away.mp4,91-basic_01_Run Away.mp4,ss01_step5.mp4,96-Basic_06_phonics_Hh.mp4,98-basic_08 fish and cat.mp4,ps01_step5.mp4,93-basic_03_The Itsy Bitsy Spider.mp4,
v4,step1,1,107-Step1_02_song_Making Salad.mp4,109-Step1_04_phonic hunting we will go.mp4,106-Step1_01_story_Making Salad.mp4,ss01_step5.mp4,110-Step1_05_Phonics_M m chant.mp4,111-Step1_06_Writing_M m.mp4,ps01_step5.mp4,108-step1_03_Little Peter Rabbit.mp4,
v4,step1,2,107-Step1_02_song_Making Salad.mp4,109-Step1_04_phonic hunting we will go.mp4,106-Step1_01_story_Making Salad.mp4,ss01_step5.mp4,112-Step1_07_phonics_N n.mp4,113-Step1_08_Writing_N n.mp4,ps01_step5.mp4,108-step1_03_Little Peter Rabbit.mp4,
v4,step1,3,107-Step1_02_song_Making Salad.mp4,109-Step1_04_phonic hunting we will go.mp4,106-Step1_01_story_Making Salad.mp4,ss01_step5.mp4,114-Step1_09_phonics_O o Chant.mp4,115-Step1_10_Writing_O o.mp4,ps01_step5.mp4,108-step1_03_Little Peter Rabbit.mp4,
v4,step1,4,107-Step1_02_song_Making Salad.mp4,109-Step1_04_phonic hunting we will go.mp4,106-Step1_01_story_Making Salad.mp4,ss01_step5.mp4,116-Step1_11_Phonics P p chant.mp4,117-Step1_12_Writing_P p.mp4,ps01_step5.mp4,108-step1_03_Little Peter Rabbit.mp4,
v4,step2,1,101-Step 2_03_Six Little Ducks.mp4,100-Step 2_02_song_Magical Dream.mp4,99-Step 2_01_story_Magical Dream.mp4,ss01_step6.mp4,103-step 2_05_phonics_K_Says_k.mp4,105-Step 2_07_phonics_Short_e.mp4,ps01_step6.mp4,102-Step 2_04_Old MacDonald.mp4,
v4,step2,2,101-Step 2_03_Six Little Ducks.mp4,100-Step 2_02_song_Magical Dream.mp4,99-Step 2_01_story_Magical Dream.mp4,ss01_step6.mp4,103-step 2_05_phonics_K_Says_k.mp4,105-Step 2_07_phonics_Short_e.mp4,ps01_step6.mp4,102-Step 2_04_Old MacDonald.mp4,
v4,step2,3,101-Step 2_03_Six Little Ducks.mp4,100-Step 2_02_song_Magical Dream.mp4,99-Step 2_01_story_Magical Dream.mp4,ss01_step6.mp4,104-Step 2_06_Phonics L Says I.mp4,105-Step 2_07_phonics_Short_e.mp4,ps01_step6.mp4,102-Step 2_04_Old MacDonald.mp4,
v4,step2,4,101-Step 2_03_Six Little Ducks.mp4,100-Step 2_02_song_Magical Dream.mp4,99-Step 2_01_story_Magical Dream.mp4,ss01_step6.mp4,104-Step 2_06_Phonics L Says I.mp4,105-Step 2_07_phonics_Short_e.mp4,ps01_step6.mp4,102-Step 2_04_Old MacDonald.mp4,
v4,step3,1,120-step3 03_song_down by the bay.mp4,119-Step3 02_song_Have You Ever Wondered.mp4,118-Step3 01_story_Have You Ever Wondered.mp4,ss01_step7.mp4,122-Step3 05_Phonics_long E.mp4,124-Step3 06 Word Family Song_eat.mp4,ps01_step7.mp4,121-step3 04_song_oats peas beans and barley grow.mp4,
v4,step3,2,120-step3 03_song_down by the bay.mp4,119-Step3 02_song_Have You Ever Wondered.mp4,118-Step3 01_story_Have You Ever Wondered.mp4,ss01_step7.mp4,122-Step3 05_Phonics_long E.mp4,124-Step3 06 Word Family Song_eat.mp4,ps01_step7.mp4,121-step3 04_song_oats peas beans and barley grow.mp4,
v4,step3,3,120-step3 03_song_down by the bay.mp4,119-Step3 02_song_Have You Ever Wondered.mp4,118-Step3 01_story_Have You Ever Wondered.mp4,ss01_step7.mp4,123-Step3 06 Word Family Song.mp4,125-Step3 06 Word Family Song_ee.mp4,ps01_step7.mp4,121-step3 04_song_oats peas beans and barley grow.mp4,
v4,step3,4,120-step3 03_song_down by the bay.mp4,119-Step3 02_song_Have You Ever Wondered.mp4,118-Step3 01_story_Have You Ever Wondered.mp4,ss01_step7.mp4,123-Step3 06 Word Family Song.mp4,126-Step3 06 Word Family Song_eep.mp4,ps01_step7.mp4,121-step3 04_song_oats peas beans and barley grow.mp4,
v5,basic,1,132-Basic_06_Song_Blue.mp4,128-Basic_02_Song I Can.mp4,127-Basic_01_Story I Can.mp4,ss01_step5.mp4,131-Basic_05_Phonics I J K.mp4,133-Basic 07 Poem Look At Me.mp4,ps01_step5.mp4,"130-Basic_04_Song Oops, Johnny.mp4",
v5,basic,2,132-Basic_06_Song_Blue.mp4,128-Basic_02_Song I Can.mp4,127-Basic_01_Story I Can.mp4,ss01_step5.mp4,131-Basic_05_Phonics I J K.mp4,133-Basic 07 Poem Look At Me.mp4,ps01_step5.mp4,"130-Basic_04_Song Oops, Johnny.mp4",
v5,basic,3,132-Basic_06_Song_Blue.mp4,128-Basic_02_Song I Can.mp4,127-Basic_01_Story I Can.mp4,ss01_step5.mp4,131-Basic_05_Phonics I J K.mp4,133-Basic 07 Poem Look At Me.mp4,ps01_step5.mp4,"130-Basic_04_Song Oops, Johnny.mp4",
v5,basic,4,132-Basic_06_Song_Blue.mp4,128-Basic_02_Song I Can.mp4,127-Basic_01_Story I Can.mp4,ss01_step5.mp4,131-Basic_05_Phonics I J K.mp4,133-Basic 07 Poem Look At Me.mp4,ps01_step5.mp4,"130-Basic_04_Song Oops, Johnny.mp4",
v5,step1,1,136-Step1_03_Song_Humpty Dumpty.mp4,135-Step1_02_Song_Safty Rules.mp4,134-Step1_01_Story_Safty Rules.mp4,ss01_step5.mp4,138-Step1_05_Phonics_Q q.mp4,139-Step1_06_Writing_Q q.mp4,ps01_step5.mp4,137-Step1_04_Song_Here We Go Looby Loo.mp4,
v5,step1,2,136-Step1_03_Song_Humpty Dumpty.mp4,135-Step1_02_Song_Safty Rules.mp4,134-Step1_01_Story_Safty Rules.mp4,ss01_step5.mp4,140-Step1_07_Phonics R r.mp4,141-Step1_08_Writing Rr.mp4,ps01_step5.mp4,137-Step1_04_Song_Here We Go Looby Loo.mp4,
v5,step1,3,136-Step1_03_Song_Humpty Dumpty.mp4,135-Step1_02_Song_Safty Rules.mp4,134-Step1_01_Story_Safty Rules.mp4,ss01_step5.mp4,142-Step1_09_phonics_S s.mp4,143-Step1_10_Writing S s.mp4,ps01_step5.mp4,137-Step1_04_Song_Here We Go Looby Loo.mp4,
v5,step1,4,136-Step1_03_Song_Humpty Dumpty.mp4,135-Step1_02_Song_Safty Rules.mp4,134-Step1_01_Story_Safty Rules.mp4,ss01_step5.mp4,144-Step1_11_Phonics_T .mp4,145-Step1_12_Writing_T t.mp4,ps01_step5.mp4,137-Step1_04_Song_Here We Go Looby Loo.mp4,
v5,step2,1,"148-Step2_03_Song_One, Two, Buckle My Shoe.mp4",147-Step2_02_Song Little Red Riding Hood.mp4,146-Step2_01_Story Little Red Riding Hood.mp4,ss01_step6.mp4,150-Step2_05_Phonics_M says m.mp4,151-Step2_06_Phonics_N says n.mp4,ps01_step6.mp4,157-Step3_04_Song_Dem Bones.mp4,
v5,step2,2,"148-Step2_03_Song_One, Two, Buckle My Shoe.mp4",147-Step2_02_Song Little Red Riding Hood.mp4,146-Step2_01_Story Little Red Riding Hood.mp4,ss01_step6.mp4,150-Step2_05_Phonics_M says m.mp4,151-Step2_06_Phonics_N says n.mp4,ps01_step6.mp4,157-Step3_04_Song_Dem Bones.mp4,
v5,step2,3,"148-Step2_03_Song_One, Two, Buckle My Shoe.mp4",147-Step2_02_Song Little Red Riding Hood.mp4,146-Step2_01_Story Little Red Riding Hood.mp4,ss01_step6.mp4,152-Step2_07_Phonics O says o.mp4,153-Step2_08_Phonics P says p.mp4,ps01_step6.mp4,157-Step3_04_Song_Dem Bones.mp4,
v5,step2,4,"148-Step2_03_Song_One, Two, Buckle My Shoe.mp4",147-Step2_02_Song Little Red Riding Hood.mp4,146-Step2_01_Story Little Red Riding Hood.mp4,ss01_step6.mp4,152-Step2_07_Phonics O says o.mp4,153-Step2_08_Phonics P says p.mp4,ps01_step6.mp4,157-Step3_04_Song_Dem Bones.mp4,
v5,step3,1,156-Step3_03_Song_Who Stole The Cookie From The Cookie Ja.mp4,155-Step3_02_Song_Tooth Problem.mp4,154-Step3_01_Story Tooth Problem.mp4,ss01_step7.mp4,158-Step3_05_Phonics Short O.mp4,159-Step3_06_Phonics Word Family Song.mp4,ps01_step7.mp4,157-Step3_04_Song_Dem Bones.mp4,
v5,step3,2,156-Step3_03_Song_Who Stole The Cookie From The Cookie Ja.mp4,155-Step3_02_Song_Tooth Problem.mp4,154-Step3_01_Story Tooth Problem.mp4,ss01_step7.mp4,158-Step3_05_Phonics Short O.mp4,161-Step3_06_Phonics Word Family Song_op.mp4,ps01_step7.mp4,157-Step3_04_Song_Dem Bones.mp4,
v5,step3,3,156-Step3_03_Song_Who Stole The Cookie From The Cookie Ja.mp4,155-Step3_02_Song_Tooth Problem.mp4,154-Step3_01_Story Tooth Problem.mp4,ss01_step7.mp4,160-Step3_06_Phonics Word Family Song_ock.mp4,162-Step3_06_Phonics Word Family Song_ox.mp4,ps01_step7.mp4,157-Step3_04_Song_Dem Bones.mp4,
v5,step3,4,156-Step3_03_Song_Who Stole The Cookie From The Cookie Ja.mp4,155-Step3_02_Song_Tooth Problem.mp4,154-Step3_01_Story Tooth Problem.mp4,ss01_step7.mp4,160-Step3_06_Phonics Word Family Song_ock.mp4,162-Step3_06_Phonics Word Family Song_ox.mp4,ps01_step7.mp4,157-Step3_04_Song_Dem Bones.mp4,
v6,basic,1,183-Basic_05_are you sleeping.mp4,163-Basic_01_StorySong Things I Use.mp4,181-Basic_01_Things I Use.mp4,ss01_step5.mp4,182-Basic_03_LMN.mp4,165-Basic_04_purple.mp4,ps01_step5.mp4,166-Basic_06_up_and_down.mp4,
v6,basic,2,183-Basic_05_are you sleeping.mp4,163-Basic_01_StorySong Things I Use.mp4,181-Basic_01_Things I Use.mp4,ss01_step5.mp4,182-Basic_03_LMN.mp4,165-Basic_04_purple.mp4,ps01_step5.mp4,166-Basic_06_up_and_down.mp4,
v6,basic,3,164-Basic_02_one_little_finger.mp4,163-Basic_01_StorySong Things I Use.mp4,181-Basic_01_Things I Use.mp4,ss01_step5.mp4,182-Basic_03_LMN.mp4,165-Basic_04_purple.mp4,ps01_step5.mp4,166-Basic_06_up_and_down.mp4,
v6,basic,4,164-Basic_02_one_little_finger.mp4,163-Basic_01_StorySong Things I Use.mp4,181-Basic_01_Things I Use.mp4,ss01_step5.mp4,182-Basic_03_LMN.mp4,165-Basic_04_purple.mp4,ps01_step5.mp4,166-Basic_06_up_and_down.mp4,
v6,step1,1,185-Step1_02_Ten_Little_Numbers.mp4,184-Step1_01_StorySong Three Little Pigs.mp4,167-Step1_01_Three_Little_Pigs_1.mp4,ss01_step5.mp4,169-Step1_05_u_writing.mp4,185-Step1_02_Ten_Little_Numbers.mp4,ps01_step5.mp4,186-Step1_04_hikory dickory dock.mp4,
v6,step1,2,185-Step1_02_Ten_Little_Numbers.mp4,184-Step1_01_StorySong Three Little Pigs.mp4,167-Step1_01_Three_Little_Pigs_1.mp4,ss01_step5.mp4,170-Step1_07_v_writing.mp4,187-Step1_06_phonics_U u Chant.mp4,ps01_step5.mp4,186-Step1_04_hikory dickory dock.mp4,
v6,step1,3,185-Step1_02_Ten_Little_Numbers.mp4,184-Step1_01_StorySong Three Little Pigs.mp4,167-Step1_01_Three_Little_Pigs_1.mp4,ss01_step5.mp4,171-Step1_09_w_writing.mp4,188-Step1_08_phonics_V v Chant.mp4,ps01_step5.mp4,186-Step1_04_hikory dickory dock.mp4,
v6,step1,4,185-Step1_02_Ten_Little_Numbers.mp4,168-Step1_03_song_hickory.mp4,167-Step1_01_Three_Little_Pigs_1.mp4,ss01_step5.mp4,171-Step1_09_w_writing.mp4,189-Step1_10_phonics_W w Chant.mp4,ps01_step5.mp4,186-Step1_04_hikory dickory dock.mp4,
v6,step2,1,173-Step2_02_I'm a Little Teapot.mp4,190-Step2_01_StorySong_Building A Bird House.mp4,172-Step2_01_Building_a_bird_house.mp4,ss01_step6.mp4,192-Step2_07_phonics_Q Says q.mp4,193-Step2_09_phonics_Short_i.mp4,ps01_step6.mp4,174-Step2_06_peas_hot_cold.mp4,
v6,step2,2,173-Step2_02_I'm a Little Teapot.mp4,190-Step2_01_StorySong_Building A Bird House.mp4,172-Step2_01_Building_a_bird_house.mp4,ss01_step6.mp4,192-Step2_07_phonics_Q Says q.mp4,193-Step2_09_phonics_Short_i.mp4,ps01_step6.mp4,174-Step2_06_peas_hot_cold.mp4,
v6,step2,3,173-Step2_02_I'm a Little Teapot.mp4,190-Step2_01_StorySong_Building A Bird House.mp4,172-Step2_01_Building_a_bird_house.mp4,ss01_step6.mp4,175-Step2_08_phonics_R_Says_r.mp4,193-Step2_09_phonics_Short_i.mp4,ps01_step6.mp4,191-step2_03_i'm a little teapot_ver.f.mp4,
v6,step2,4,173-Step2_02_I'm a Little Teapot.mp4,190-Step2_01_StorySong_Building A Bird House.mp4,172-Step2_01_Building_a_bird_house.mp4,ss01_step6.mp4,175-Step2_08_phonics_R_Says_r.mp4,193-Step2_09_phonics_Short_i.mp4,ps01_step6.mp4,191-step2_03_i'm a little teapot_ver.f.mp4,
v6,step3,1,195-Step3_04_This_Old_Man.mp4,176-Step3_01_StorySong The Red Hen and Friends.mp4,194-Step3_01_The Red Hen.mp4,ss01_step7.mp4,178-Step3_05_phonics_long_O.mp4,180-Step3_06_WFS_one.mp4,ps01_step7.mp4,177-Step3_02_hammer.mp4,
v6,step3,2,195-Step3_04_This_Old_Man.mp4,176-Step3_01_StorySong The Red Hen and Friends.mp4,194-Step3_01_The Red Hen.mp4,ss01_step7.mp4,178-Step3_05_phonics_long_O.mp4,180-Step3_06_WFS_one.mp4,ps01_step7.mp4,177-Step3_02_hammer.mp4,
v6,step3,3,195-Step3_04_This_Old_Man.mp4,176-Step3_01_StorySong The Red Hen and Friends.mp4,194-Step3_01_The Red Hen.mp4,ss01_step7.mp4,179-Step3_06_WFS_oat.mp4,196-Step3_06_WFS.mp4,ps01_step7.mp4,177-Step3_02_hammer.mp4,
v6,step3,4,195-Step3_04_This_Old_Man.mp4,176-Step3_01_StorySong The Red Hen and Friends.mp4,194-Step3_01_The Red Hen.mp4,ss01_step7.mp4,179-Step3_06_WFS_oat.mp4,197-Step3_06_WFS_oe.mp4,ps01_step7.mp4,177-Step3_02_hammer.mp4,
v7,basic,1,200-Basic_03_Song_ladies.mp4,199-Basic_01_StorySong The Wheels on the Bus.mp4,198-Basic_01_Story_bus,ss01_step5.mp4,202-Basic_05_Phonics_opq,203-Basic_06_SongGame_orange,ps01_step5.mp4,204-Basic_07_Song_Big_and_small,
v7,basic,2,200-Basic_03_Song_ladies.mp4,199-Basic_01_StorySong The Wheels on the Bus.mp4,198-Basic_01_Story_bus,ss01_step5.mp4,202-Basic_05_Phonics_opq,203-Basic_06_SongGame_orange,ps01_step5.mp4,204-Basic_07_Song_Big_and_small,
v7,basic,3,200-Basic_03_Song_ladies.mp4,199-Basic_01_StorySong The Wheels on the Bus.mp4,198-Basic_01_Story_bus,ss01_step5.mp4,201-Basic_04_Song_boat,203-Basic_06_SongGame_orange,ps01_step5.mp4,204-Basic_07_Song_Big_and_small,
v7,basic,4,200-Basic_03_Song_ladies.mp4,199-Basic_01_StorySong The Wheels on the Bus.mp4,198-Basic_01_Story_bus,ss01_step5.mp4,201-Basic_04_Song_boat,203-Basic_06_SongGame_orange,ps01_step5.mp4,204-Basic_07_Song_Big_and_small,
v7,step1,1,207-Step1_02_song_bus.mp4,206-Step1_01_StorySong Wheels.mp4,205-Step1_01_Story_wheels.mp4,ss01_step5.mp4,211-Step1_06_chant Xx.mp4,210-Step1_05_x_writing.mp4,ps01_step5.mp4,209-Step1_04_song_I'm_a_little_air_plane.mp4,
v7,step1,2,207-Step1_02_song_bus.mp4,206-Step1_01_StorySong Wheels.mp4,205-Step1_01_Story_wheels.mp4,ss01_step5.mp4,213-Step1_08_chant_Yy.mp4,212-Step1_07_y_writing.mp4,ps01_step5.mp4,209-Step1_04_song_I'm_a_little_air_plane.mp4,
v7,step1,3,207-Step1_02_song_bus.mp4,206-Step1_01_StorySong Wheels.mp4,205-Step1_01_Story_wheels.mp4,ss01_step5.mp4,215-Step1_10_chant Zz.mp4,214-Step1_09_z_writing.mp4,ps01_step5.mp4,209-Step1_04_song_I'm_a_little_air_plane.mp4,
v7,step1,4,207-Step1_02_song_bus.mp4,206-Step1_01_StorySong Wheels.mp4,205-Step1_01_Story_wheels.mp4,ss01_step5.mp4,215-Step1_10_chant Zz.mp4,214-Step1_09_z_writing.mp4,ps01_step5.mp4,209-Step1_04_song_I'm_a_little_air_plane.mp4,
v7,step2,1,218-Step2_02_Song_mountain.mp4,217-Step2_01_StorySong My Toys.mp4,216-Step2_01_Story Toys.mp4,ss01_step6.mp4,220-Step2_05_Phonics_Ss.mp4,221-Step2_06_Phonics_Tt.mp4,ps01_step6.mp4,219-Step2_03_Song_Down by the Station.mp4,
v7,step2,2,218-Step2_02_Song_mountain.mp4,217-Step2_01_StorySong My Toys.mp4,216-Step2_01_Story Toys.mp4,ss01_step6.mp4,220-Step2_05_Phonics_Ss.mp4,221-Step2_06_Phonics_Tt.mp4,ps01_step6.mp4,219-Step2_03_Song_Down by the Station.mp4,
v7,step2,3,218-Step2_02_Song_mountain.mp4,217-Step2_01_StorySong My Toys.mp4,216-Step2_01_Story Toys.mp4,ss01_step6.mp4,222-Step2_07_Phonics_Uu.mp4,220-Step2_05_Phonics_Ss.mp4,ps01_step6.mp4,219-Step2_03_Song_Down by the Station.mp4,
v7,step2,4,218-Step2_02_Song_mountain.mp4,217-Step2_01_StorySong My Toys.mp4,216-Step2_01_Story Toys.mp4,ss01_step6.mp4,222-Step2_07_Phonics_Uu.mp4,221-Step2_06_Phonics_Tt.mp4,ps01_step6.mp4,219-Step2_03_Song_Down by the Station.mp4,
v7,step3,1,225-Step3_02_Song_Caboose.mp4,224-Step3_01_StorySong What Will You Take.mp4,223-Step3_01_Story What Will You Take_1125.mp4,ss01_step7.mp4,227-Step3_05_Phonics_short u.mp4,228-Step3_06_Phonics_wfs_ug.mp4,ps01_step7.mp4,226-Step3_03_Song_blast_off.mp4,
v7,step3,2,225-Step3_02_Song_Caboose.mp4,224-Step3_01_StorySong What Will You Take.mp4,223-Step3_01_Story What Will You Take_1125.mp4,ss01_step7.mp4,227-Step3_05_Phonics_short u.mp4,228-Step3_06_Phonics_wfs_ug.mp4,ps01_step7.mp4,226-Step3_03_Song_blast_off.mp4,
v7,step3,3,225-Step3_02_Song_Caboose.mp4,224-Step3_01_StorySong What Will You Take.mp4,223-Step3_01_Story What Will You Take_1125.mp4,ss01_step7.mp4,229-Step3_06_Phonics_wfs_un.mp4,230-Step3_06_Phonics_wfs_ut.mp4,ps01_step7.mp4,226-Step3_03_Song_blast_off.mp4,,`,,,,,
v7,step3,4,225-Step3_02_Song_Caboose.mp4,224-Step3_01_StorySong What Will You Take.mp4,223-Step3_01_Story What Will You Take_1125.mp4,ss01_step7.mp4,229-Step3_06_Phonics_wfs_un.mp4,231-Step3_06_Phonics_wfs.mp4,ps01_step7.mp4,226-Step3_03_Song_blast_off.mp4,
v8,basic,1,233-Basic_02_Song_london ridge.mp4,247-Basic_01_StorySong_The Mitten.mp4,232-Basic_01_Story_The Mitten.mp4,ss01_step5.mp4,249-Basic_05_Phonics_RST,235-Basic_06_SongGame_brown.mp4,ps01_step5.mp4,234-Basic_04_Song_UnderChestnutTree.mp4,
v8,basic,2,233-Basic_02_Song_london ridge.mp4,247-Basic_01_StorySong_The Mitten.mp4,232-Basic_01_Story_The Mitten.mp4,ss01_step5.mp4,249-Basic_05_Phonics_RST,234-Basic_04_Song_UnderChestnutTree,ps01_step5.mp4,234-Basic_04_Song_UnderChestnutTree.mp4,
v8,basic,3,233-Basic_02_Song_london ridge.mp4,247-Basic_01_StorySong_The Mitten.mp4,232-Basic_01_Story_The Mitten.mp4,ss01_step5.mp4,249-Basic_05_Phonics_RST,235-Basic_06_SongGame_brown,ps01_step5.mp4,234-Basic_04_Song_UnderChestnutTree.mp4,
v8,basic,4,233-Basic_02_Song_london ridge.mp4,247-Basic_01_StorySong_The Mitten.mp4,232-Basic_01_Story_The Mitten.mp4,ss01_step5.mp4,249-Basic_05_Phonics_RST,248-Basic_03_Song_chestnut,ps01_step5.mp4,234-Basic_04_Song_UnderChestnutTree.mp4,
v8,step1,1,237-Step1_02_Song_niwawa.mp4,251-Step1_01_StorySong_The Tortoise and the Hare.mp4,236-Step1_01_Story The Tortoise and the Hare.mp4,ss01_step5.mp4,250-Basic_07_Dongsi_Moon.mp4,238-Step1_04_Song_opposites.mp4,ps01_step5.mp4,252-Step1_03_Song_rosie.mp4,
v8,step1,2,237-Step1_02_Song_niwawa.mp4,251-Step1_01_StorySong_The Tortoise and the Hare.mp4,236-Step1_01_Story The Tortoise and the Hare.mp4,ss01_step5.mp4,250-Basic_07_Dongsi_Moon.mp4,238-Step1_04_Song_opposites.mp4,ps01_step5.mp4,252-Step1_03_Song_rosie.mp4,
v8,step1,3,237-Step1_02_Song_niwawa.mp4,251-Step1_01_StorySong_The Tortoise and the Hare.mp4,236-Step1_01_Story The Tortoise and the Hare.mp4,ss01_step5.mp4,250-Basic_07_Dongsi_Moon.mp4,238-Step1_04_Song_opposites.mp4,ps01_step5.mp4,252-Step1_03_Song_rosie.mp4,
v8,step1,4,237-Step1_02_Song_niwawa.mp4,251-Step1_01_StorySong_The Tortoise and the Hare.mp4,236-Step1_01_Story The Tortoise and the Hare.mp4,ss01_step5.mp4,250-Basic_07_Dongsi_Moon.mp4,238-Step1_04_Song_opposites.mp4,ps01_step5.mp4,252-Step1_03_Song_rosie.mp4,
v8,step2,1,260-v8_s2_kooka.mp4,239-Step2_01_StorySong The Boy Who Cried Wolf.mp4,253-Step2_01_Story_wolf.mp4,ss01_step6.mp4,241-Step2_07_Phonics_short_o.mp4,240-Step2_05_Phonics_says_v.mp4,ps01_step6.mp4,254-Step2 03_Song_village.mp4,
v8,step2,2,260-v8_s2_kooka.mp4,239-Step2_01_StorySong The Boy Who Cried Wolf.mp4,253-Step2_01_Story_wolf.mp4,ss01_step6.mp4,241-Step2_07_Phonics_short_o.mp4,240-Step2_05_Phonics_says_v.mp4,ps01_step6.mp4,254-Step2 03_Song_village.mp4,
v8,step2,3,260-v8_s2_kooka.mp4,239-Step2_01_StorySong The Boy Who Cried Wolf.mp4,253-Step2_01_Story_wolf.mp4,ss01_step6.mp4,255-Step2_06_Phonics_says_w.mp4,241-Step2_07_Phonics_short_o.mp4,ps01_step6.mp4,254-Step2 03_Song_village.mp4,
v8,step2,4,260-v8_s2_kooka.mp4,239-Step2_01_StorySong The Boy Who Cried Wolf.mp4,253-Step2_01_Story_wolf.mp4,ss01_step6.mp4,255-Step2_06_Phonics_says_w.mp4,241-Step2_07_Phonics_short_o.mp4,ps01_step6.mp4,254-Step2 03_Song_village.mp4,
v8,step3,1,257-Step3_03_Song_small_world.mp3,246-v8_s3_song.mp4,256-Step3_01_Story_tiger.mp4,ss01_step7.mp4,243-Step3_05_Phonics_Long_u.mp4,244-Step3_06_Phonics_WordFamilySong_ue,ps01_step7.mp4,242-Step3_02_Song_chechekule.mp4,
v8,step3,2,257-Step3_03_Song_small_world.mp3,246-v8_s3_song.mp4,256-Step3_01_Story_tiger.mp4,ss01_step7.mp4,243-Step3_05_Phonics_Long_u.mp4,245-Step3_06_Phonics_WordFamilySong_ute,ps01_step7.mp4,242-Step3_02_Song_chechekule.mp4,
v8,step3,3,257-Step3_03_Song_small_world.mp3,246-v8_s3_song.mp4,256-Step3_01_Story_tiger.mp4,ss01_step7.mp4,258-Step3_06_Phonics_WordFamilySong,259-Step3_06_Phonics_WordFamilySong_une,ps01_step7.mp4,242-Step3_02_Song_chechekule.mp4,
v8,step3,4,257-Step3_03_Song_small_world.mp3,246-v8_s3_song.mp4,256-Step3_01_Story_tiger.mp4,ss01_step7.mp4,258-Step3_06_Phonics_WordFamilySong,259-Step3_06_Phonics_WordFamilySong_une,ps01_step7.mp4,242-Step3_02_Song_chechekule.mp4,
v9,basic,1,264-Basic_03_Song_we wish.mp4,263-Basic_02_StorySong_Nature Walk.mp4,261-Basic_01_Story nature walk.mp4,ss01_step5.mp4,265-Basic_04_Phonics_uvw.mp4,266-Basic_05_SongGame_black.mp4,ps01_step5.mp4,262-Basic_02_Song_Rain_Rain_Go_Away.mp4,
v9,basic,2,264-Basic_03_Song_we wish.mp4,263-Basic_02_StorySong_Nature Walk.mp4,261-Basic_01_Story nature walk.mp4,ss01_step5.mp4,265-Basic_04_Phonics_uvw.mp4,266-Basic_05_SongGame_black.mp4,ps01_step5.mp4,262-Basic_02_Song_Rain_Rain_Go_Away.mp4,
v9,basic,3,264-Basic_03_Song_we wish.mp4,263-Basic_02_StorySong_Nature Walk.mp4,261-Basic_01_Story nature walk.mp4,ss01_step5.mp4,265-Basic_04_Phonics_uvw.mp4,267-Basic_06_Dongsi_tree_flower .mp4,ps01_step5.mp4,262-Basic_02_Song_Rain_Rain_Go_Away.mp4,
v9,basic,4,264-Basic_03_Song_we wish.mp4,263-Basic_02_StorySong_Nature Walk.mp4,261-Basic_01_Story nature walk.mp4,ss01_step5.mp4,265-Basic_04_Phonics_uvw.mp4,267-Basic_06_Dongsi_tree_flower .mp4,ps01_step5.mp4,262-Basic_02_Song_Rain_Rain_Go_Away.mp4,
v9,step1,1,277-Step1_03_Song_Jingle Bells.mp4,276-Step1_02_StorySong_Fly Away.mp4,275-Step1_01_Story_Fly.mp4,ss01_step5.mp4,241-Step2_07_Phonics_short_o.mp4,240-Step2_05_Phonics_says_v.mp4,ps01_step5.mp4,278-Step1_04_Song_twinkle.mp4,
v9,step1,2,277-Step1_03_Song_Jingle Bells.mp4,276-Step1_02_StorySong_Fly Away.mp4,275-Step1_01_Story_Fly.mp4,ss01_step5.mp4,241-Step2_07_Phonics_short_o.mp4,240-Step2_05_Phonics_says_v.mp4,ps01_step5.mp4,278-Step1_04_Song_twinkle.mp4,
v9,step1,3,277-Step1_03_Song_Jingle Bells.mp4,276-Step1_02_StorySong_Fly Away.mp4,275-Step1_01_Story_Fly.mp4,ss01_step5.mp4,255-Step2_06_Phonics_says_w.mp4,241-Step2_07_Phonics_short_o.mp4,ps01_step5.mp4,278-Step1_04_Song_twinkle.mp4,
v9,step1,4,277-Step1_03_Song_Jingle Bells.mp4,276-Step1_02_StorySong_Fly Away.mp4,275-Step1_01_Story_Fly.mp4,ss01_step5.mp4,255-Step2_06_Phonics_says_w.mp4,241-Step2_07_Phonics_short_o.mp4,ps01_step5.mp4,278-Step1_04_Song_twinkle.mp4,
v9,step2,1,270-Step 2_03_Song_santa claus is coming to town.mp4,"269-Step 2_02_StorySong_Reduce, Reuse, Recycle!.mp4","268-Step 2_01_Story_Reduce, Reuse, Recycle!.mp4",ss01_step6.mp4,272-Step 2_06_Phonics_X says x,273-step 2_07_phonics_Y_Says_y,ps01_step6.mp4,"271-Step 2_04_Song_Oh, Mr. Sun.mp4",
v9,step2,2,270-Step 2_03_Song_santa claus is coming to town.mp4,"269-Step 2_02_StorySong_Reduce, Reuse, Recycle!.mp4","268-Step 2_01_Story_Reduce, Reuse, Recycle!.mp4",ss01_step6.mp4,272-Step 2_06_Phonics_X says x,273-step 2_07_phonics_Y_Says_y,ps01_step6.mp4,"271-Step 2_04_Song_Oh, Mr. Sun.mp4",
v9,step2,3,270-Step 2_03_Song_santa claus is coming to town.mp4,"269-Step 2_02_StorySong_Reduce, Reuse, Recycle!.mp4","268-Step 2_01_Story_Reduce, Reuse, Recycle!.mp4",ss01_step6.mp4,273-step 2_07_phonics_Y_Says_y,274-Step 2_08_Phonics_Z Says z,ps01_step6.mp4,"271-Step 2_04_Song_Oh, Mr. Sun.mp4",
v9,step2,4,270-Step 2_03_Song_santa claus is coming to town.mp4,"269-Step 2_02_StorySong_Reduce, Reuse, Recycle!.mp4","268-Step 2_01_Story_Reduce, Reuse, Recycle!.mp4",ss01_step6.mp4,273-step 2_07_phonics_Y_Says_y,274-Step 2_08_Phonics_Z Says z,ps01_step6.mp4,"271-Step 2_04_Song_Oh, Mr. Sun.mp4",
v9,step3,1,281-Step3_03_song_sing a ling.mp4,280-Step3_02_StorySong Please Get the Moon.mp4,279-Step3_01_story_please get the moon.mp4,ss01_step7.mp4,283-Step3_06_Phonics_short i.mp4,285-Step3_07_Phonics Word Family Song_ick.mp4,ps01_step7.mp4,290-Basic_03_Song What's the weather like today.mp4,
v9,step3,2,281-Step3_03_song_sing a ling.mp4,280-Step3_02_StorySong Please Get the Moon.mp4,279-Step3_01_story_please get the moon.mp4,ss01_step7.mp4,285-Step3_07_Phonics Word Family Song_ick.mp4,286-Step3_07_Phonics Word Family Song_ink.mp4,ps01_step7.mp4,290-Basic_03_Song What's the weather like today.mp4,
v9,step3,3,281-Step3_03_song_sing a ling.mp4,280-Step3_02_StorySong Please Get the Moon.mp4,279-Step3_01_story_please get the moon.mp4,ss01_step7.mp4,283-Step3_06_Phonics_short i.mp4,287-Step3_07_Phonics_Word Family Song ish.mp4,ps01_step7.mp4,290-Basic_03_Song What's the weather like today.mp4,
v9,step3,4,281-Step3_03_song_sing a ling.mp4,280-Step3_02_StorySong Please Get the Moon.mp4,279-Step3_01_story_please get the moon.mp4,ss01_step7.mp4,285-Step3_07_Phonics Word Family Song_ick.mp4,285-Step3_07_Phonics Word Family Song_ick.mp4,ps01_step7.mp4,290-Basic_03_Song What's the weather like today.mp4,
v10,basic,1,291-Basic_04_Song_Baby's Clothes.mp4,289-Basic_02_Song_weather.mp4,288-Basic_01_Story_weather.mp4,ss01_step5.mp4,292-Basic_05_Phonics_xyz.mp4,293-Basic_06_Color_blue orange purple.mp4,ps01_step5.mp4,294-Basic_07_Song_movie_Hot and Cold.mp4,
v10,basic,2,291-Basic_04_Song_Baby's Clothes.mp4,289-Basic_02_Song_weather.mp4,288-Basic_01_Story_weather.mp4,ss01_step5.mp4,292-Basic_05_Phonics_xyz.mp4,293-Basic_06_Color_blue orange purple.mp4,ps01_step5.mp4,294-Basic_07_Song_movie_Hot and Cold.mp4,
v10,basic,3,291-Basic_04_Song_Baby's Clothes.mp4,289-Basic_02_Song_weather.mp4,288-Basic_01_Story_weather.mp4,ss01_step5.mp4,293-Basic_06_Color_blue orange purple.mp4,295-Basic_08_poem.mp4,ps01_step5.mp4,294-Basic_07_Song_movie_Hot and Cold.mp4,
v10,basic,4,291-Basic_04_Song_Baby's Clothes.mp4,289-Basic_02_Song_weather.mp4,288-Basic_01_Story_weather.mp4,ss01_step5.mp4,293-Basic_06_Color_blue orange purple.mp4,295-Basic_08_poem.mp4,ps01_step5.mp4,294-Basic_07_Song_movie_Hot and Cold.mp4,
v10,step1,1,308-Step1_03_Song_Who has seen the wind.mp4,307-Step1_02_Song_Cloud.mp4,306-Step1_01_Story Cloud.mp4,ss01_step5.mp4,36-v2_s1_ph_e.mp4,38-v2_s1_ph_g.mp4,ps01_step5.mp4,309-Step1_04_Song_Once there was a snowman.mp4,
v10,step1,2,308-Step1_03_Song_Who has seen the wind.mp4,307-Step1_02_Song_Cloud.mp4,306-Step1_01_Story Cloud.mp4,ss01_step5.mp4,36-v2_s1_ph_e.mp4,38-v2_s1_ph_g.mp4,ps01_step5.mp4,309-Step1_04_Song_Once there was a snowman.mp4,
v10,step1,3,308-Step1_03_Song_Who has seen the wind.mp4,307-Step1_02_Song_Cloud.mp4,306-Step1_01_Story Cloud.mp4,ss01_step5.mp4,37-v2_s1_ph_f.mp4,39-v2_s1_ph_h.mp4,ps01_step5.mp4,309-Step1_04_Song_Once there was a snowman.mp4,
v10,step1,4,308-Step1_03_Song_Who has seen the wind.mp4,307-Step1_02_Song_Cloud.mp4,306-Step1_01_Story Cloud.mp4,ss01_step5.mp4,37-v2_s1_ph_f.mp4,39-v2_s1_ph_h.mp4,ps01_step5.mp4,309-Step1_04_Song_Once there was a snowman.mp4,
v10,step2,1,"298-Step 2_03_Song_It_s raining, Its pouring.mp4",297-Step 2_02_Song_the ants and grasshopper.mp4,296-Step 2_01_Story_the ants and grasshopper.mp4,ss01_step6.mp4,300-Step 2_06_phonics Short_u.mp4,301-Step 2_07_Song_AEIOU.mp4,ps01_step6.mp4,299-Step 2_04_The bear went over the mountain.mp4,
v10,step2,2,"298-Step 2_03_Song_It_s raining, Its pouring.mp4",297-Step 2_02_Song_the ants and grasshopper.mp4,296-Step 2_01_Story_the ants and grasshopper.mp4,ss01_step6.mp4,300-Step 2_06_phonics Short_u.mp4,301-Step 2_07_Song_AEIOU.mp4,ps01_step6.mp4,299-Step 2_04_The bear went over the mountain.mp4,
v10,step2,3,"298-Step 2_03_Song_It_s raining, Its pouring.mp4",297-Step 2_02_Song_the ants and grasshopper.mp4,296-Step 2_01_Story_the ants and grasshopper.mp4,ss01_step6.mp4,300-Step 2_06_phonics Short_u.mp4,301-Step 2_07_Song_AEIOU.mp4,ps01_step6.mp4,299-Step 2_04_The bear went over the mountain.mp4,
v10,step2,4,"298-Step 2_03_Song_It_s raining, Its pouring.mp4",297-Step 2_02_Song_the ants and grasshopper.mp4,296-Step 2_01_Story_the ants and grasshopper.mp4,ss01_step6.mp4,300-Step 2_06_phonics Short_u.mp4,301-Step 2_07_Song_AEIOU.mp4,ps01_step6.mp4,299-Step 2_04_The bear went over the mountain.mp4,
v10,step3,1,304-Step 3_03_Song I Love mountain.mp4,303-Step 3_02_Song_The gingerbread boy.mp4,302-Step 3_01_Story The gingerbread boy.mp4,ss01_step7.mp4,310-Step3_06_Phonics_Long_i.mp4,311-Step3_07_WFS.mp4,ps01_step7.mp4,305-Step 3_04_A Chubby Little Snowman.mp4,
v10,step3,2,304-Step 3_03_Song I Love mountain.mp4,303-Step 3_02_Song_The gingerbread boy.mp4,302-Step 3_01_Story The gingerbread boy.mp4,ss01_step7.mp4,310-Step3_06_Phonics_Long_i.mp4,311-Step3_07_WFS.mp4,ps01_step7.mp4,305-Step 3_04_A Chubby Little Snowman.mp4,
v10,step3,3,304-Step 3_03_Song I Love mountain.mp4,303-Step 3_02_Song_The gingerbread boy.mp4,302-Step 3_01_Story The gingerbread boy.mp4,ss01_step7.mp4,312-Step3_07_WFS_ice.mp4,313-Step3_07_WFS_ike.mp4,ps01_step7.mp4,305-Step 3_04_A Chubby Little Snowman.mp4,
v10,step3,4,304-Step 3_03_Song I Love mountain.mp4,303-Step 3_02_Song_The gingerbread boy.mp4,302-Step 3_01_Story The gingerbread boy.mp4,ss01_step7.mp4,314-Step3_07_WFS_ine.mp4,313-Step3_07_WFS_ike.mp4,ps01_step7.mp4,305-Step 3_04_A Chubby Little Snowman.mp4,
v11,basic,1,335-Basic_04_Song_Lazy Mary.mp4,333-Basic_02_Song_I_m Growing.mp4,332-Basic_01_Story_I_m Growing.mp4,ss01_step5.mp4,315-Basic_05_Phonics A to Z.mp4,316-Basic_06_Song_Color Song.mp4,ps01_step5.mp4,334-Basic_03_Song_Did You Ever See a Lassie.mp4,
v11,basic,2,335-Basic_04_Song_Lazy Mary.mp4,333-Basic_02_Song_I_m Growing.mp4,332-Basic_01_Story_I_m Growing.mp4,ss01_step5.mp4,315-Basic_05_Phonics A to Z.mp4,316-Basic_06_Song_Color Song.mp4,ps01_step5.mp4,334-Basic_03_Song_Did You Ever See a Lassie.mp4,
v11,basic,3,335-Basic_04_Song_Lazy Mary.mp4,333-Basic_02_Song_I_m Growing.mp4,332-Basic_01_Story_I_m Growing.mp4,ss01_step5.mp4,315-Basic_05_Phonics A to Z.mp4,316-Basic_06_Song_Color Song.mp4,ps01_step5.mp4,334-Basic_03_Song_Did You Ever See a Lassie.mp4,
v11,basic,4,335-Basic_04_Song_Lazy Mary.mp4,333-Basic_02_Song_I_m Growing.mp4,332-Basic_01_Story_I_m Growing.mp4,ss01_step5.mp4,315-Basic_05_Phonics A to Z.mp4,316-Basic_06_Song_Color Song.mp4,ps01_step5.mp4,334-Basic_03_Song_Did You Ever See a Lassie.mp4,
v11,step1,1,320-Step1_03_Song_Mary Had a Little Lamb.mp4,319-Step1_02_Song_My Friend Kitty.mp4,318-Step1_01_Story My Friend Kitty.mp4,ss01_step5.mp4,110-Step1_05_Phonics_M m chant.mp4,322-Step1_05_Phonics_Godo Alphabet Song.mp4,ps01_step5.mp4,321-Step1_04_Song_Wiggly Wiggle.mp4,
v11,step1,2,320-Step1_03_Song_Mary Had a Little Lamb.mp4,319-Step1_02_Song_My Friend Kitty.mp4,318-Step1_01_Story My Friend Kitty.mp4,ss01_step5.mp4,112-Step1_07_phonics_N n.mp4,322-Step1_05_Phonics_Godo Alphabet Song.mp4,ps01_step5.mp4,321-Step1_04_Song_Wiggly Wiggle.mp4,
v11,step1,3,320-Step1_03_Song_Mary Had a Little Lamb.mp4,319-Step1_02_Song_My Friend Kitty.mp4,318-Step1_01_Story My Friend Kitty.mp4,ss01_step5.mp4,114-Step1_09_phonics_O o Chant.mp4,322-Step1_05_Phonics_Godo Alphabet Song.mp4,ps01_step5.mp4,321-Step1_04_Song_Wiggly Wiggle.mp4,
v11,step1,4,320-Step1_03_Song_Mary Had a Little Lamb.mp4,319-Step1_02_Song_My Friend Kitty.mp4,318-Step1_01_Story My Friend Kitty.mp4,ss01_step5.mp4,116-Step1_11_Phonics P p chant.mp4,322-Step1_05_Phonics_Godo Alphabet Song.mp4,ps01_step5.mp4,321-Step1_04_Song_Wiggly Wiggle.mp4,
v11,step2,1,325-Step2_03_Song_Hot Cross Buns.mp4,324-Step2_02_Song What Do You Know,323-Step2_01_Story What Do You Know.mp4,ss01_step6.mp4,327-Step2_06_phonics_A Says a.mp4,105-Step 2_07_phonics_Short_e.mp4,ps01_step6.mp4,326-Step2_04_Song_Skip to My Lou.mp4,
v11,step2,2,325-Step2_03_Song_Hot Cross Buns.mp4,324-Step2_02_Song What Do You Know,323-Step2_01_Story What Do You Know.mp4,ss01_step6.mp4,327-Step2_06_phonics_A Says a.mp4,105-Step 2_07_phonics_Short_e.mp4,ps01_step6.mp4,326-Step2_04_Song_Skip to My Lou.mp4,
v11,step2,3,325-Step2_03_Song_Hot Cross Buns.mp4,324-Step2_02_Song What Do You Know,323-Step2_01_Story What Do You Know.mp4,ss01_step6.mp4,327-Step2_06_phonics_A Says a.mp4,105-Step 2_07_phonics_Short_e.mp4,ps01_step6.mp4,326-Step2_04_Song_Skip to My Lou.mp4,
v11,step2,4,325-Step2_03_Song_Hot Cross Buns.mp4,324-Step2_02_Song What Do You Know,323-Step2_01_Story What Do You Know.mp4,ss01_step6.mp4,327-Step2_06_phonics_A Says a.mp4,105-Step 2_07_phonics_Short_e.mp4,ps01_step6.mp4,326-Step2_04_Song_Skip to My Lou.mp4,
v11,step3,1,330-Step3_03_Song_Hush Little Baby.mp4,329-Step3_02_Song_When I Was Little.mp4,328-Step3_01_Story When I Was Little.mp4,ss01_step7.mp4,158-Step3_05_Phonics Short O.mp4,159-Step3_06_Phonics Word Family Song.mp4,ps01_step7.mp4,331-Step3_04_Song_Hiphop for Kids.mp4,
v11,step3,2,330-Step3_03_Song_Hush Little Baby.mp4,329-Step3_02_Song_When I Was Little.mp4,328-Step3_01_Story When I Was Little.mp4,ss01_step7.mp4,158-Step3_05_Phonics Short O.mp4,161-Step3_06_Phonics Word Family Song_op.mp4,ps01_step7.mp4,331-Step3_04_Song_Hiphop for Kids.mp4,
v11,step3,3,330-Step3_03_Song_Hush Little Baby.mp4,329-Step3_02_Song_When I Was Little.mp4,328-Step3_01_Story When I Was Little.mp4,ss01_step7.mp4,160-Step3_06_Phonics Word Family Song_ock.mp4,162-Step3_06_Phonics Word Family Song_ox.mp4,ps01_step7.mp4,331-Step3_04_Song_Hiphop for Kids.mp4,
v11,step3,4,330-Step3_03_Song_Hush Little Baby.mp4,329-Step3_02_Song_When I Was Little.mp4,328-Step3_01_Story When I Was Little.mp4,ss01_step7.mp4,160-Step3_06_Phonics Word Family Song_ock.mp4,162-Step3_06_Phonics Word Family Song_ox.mp4,ps01_step7.mp4,331-Step3_04_Song_Hiphop for Kids.mp4,
v12,basic,1,264-Basic_03_Song_we wish.mp4,337-Basic_02_Song_The Enormous Turnip.mp4,336-Basic_01_Story_The Enormous Turnip.mp4,ss01_step5.mp4,64-Basic_05_phonics_e.mp4,65-Basic_06_phonics_f_3_153726.mp4,ps01_step5.mp4,338-Basic_03_Song_Little Bird Dance.mp4,
v12,basic,2,264-Basic_03_Song_we wish.mp4,337-Basic_02_Song_The Enormous Turnip.mp4,336-Basic_01_Story_The Enormous Turnip.mp4,ss01_step5.mp4,64-Basic_05_phonics_e.mp4,65-Basic_06_phonics_f_3_153726.mp4,ps01_step5.mp4,338-Basic_03_Song_Little Bird Dance.mp4,
v12,basic,3,264-Basic_03_Song_we wish.mp4,337-Basic_02_Song_The Enormous Turnip.mp4,336-Basic_01_Story_The Enormous Turnip.mp4,ss01_step5.mp4,64-Basic_05_phonics_e.mp4,65-Basic_06_phonics_f_3_153726.mp4,ps01_step5.mp4,339-Basic_07_Song_Look and Listen.mp4,
v12,basic,4,264-Basic_03_Song_we wish.mp4,337-Basic_02_Song_The Enormous Turnip.mp4,336-Basic_01_Story_The Enormous Turnip.mp4,ss01_step5.mp4,64-Basic_05_phonics_e.mp4,65-Basic_06_phonics_f_3_153726.mp4,ps01_step5.mp4,339-Basic_07_Song_Look and Listen.mp4,
v12,step1,1,343-Step1_07_Song_Line Up.mp4,341-Step1_02_Song_The Wolf and the Five Little Goats.mp4,340-Step1_01_Story The Wolf and the Five Little Goats.mp4,ss01_step5.mp4,211-Step1_06_chant Xx.mp4,210-Step1_05_x_writing.mp4,ps01_step5.mp4,342-Step1_03_Song_Bear Booboo.mp4,
v12,step1,2,343-Step1_07_Song_Line Up.mp4,341-Step1_02_Song_The Wolf and the Five Little Goats.mp4,340-Step1_01_Story The Wolf and the Five Little Goats.mp4,ss01_step5.mp4,213-Step1_08_chant_Yy.mp4,212-Step1_07_y_writing.mp4,ps01_step5.mp4,342-Step1_03_Song_Bear Booboo.mp4,
v12,step1,3,343-Step1_07_Song_Line Up.mp4,341-Step1_02_Song_The Wolf and the Five Little Goats.mp4,340-Step1_01_Story The Wolf and the Five Little Goats.mp4,ss01_step5.mp4,215-Step1_10_chant Zz.mp4,214-Step1_09_z_writing.mp4,ps01_step5.mp4,342-Step1_03_Song_Bear Booboo.mp4,
v12,step1,4,343-Step1_07_Song_Line Up.mp4,341-Step1_02_Song_The Wolf and the Five Little Goats.mp4,340-Step1_01_Story The Wolf and the Five Little Goats.mp4,ss01_step5.mp4,215-Step1_10_chant Zz.mp4,214-Step1_09_z_writing.mp4,ps01_step5.mp4,342-Step1_03_Song_Bear Booboo.mp4,
v12,step2,1,77-Step2_04_Song_The Farmer In the Dell.mp4,345-Step2_02_Song_Heungbu and Nolbu.mp4,344-Step2_01_Story_Heungbu and Nolbu.mp4,ss01_step6.mp4,241-Step2_07_Phonics_short_o.mp4,240-Step2_05_Phonics_says_v.mp4,ps01_step6.mp4,346-Step2_03_Song_Robot Dance.mp4,
v12,step2,2,77-Step2_04_Song_The Farmer In the Dell.mp4,345-Step2_02_Song_Heungbu and Nolbu.mp4,344-Step2_01_Story_Heungbu and Nolbu.mp4,ss01_step6.mp4,241-Step2_07_Phonics_short_o.mp4,240-Step2_05_Phonics_says_v.mp4,ps01_step6.mp4,346-Step2_03_Song_Robot Dance.mp4,
v12,step2,3,77-Step2_04_Song_The Farmer In the Dell.mp4,345-Step2_02_Song_Heungbu and Nolbu.mp4,344-Step2_01_Story_Heungbu and Nolbu.mp4,ss01_step6.mp4,255-Step2_06_Phonics_says_w.mp4,241-Step2_07_Phonics_short_o.mp4,ps01_step6.mp4,347-Step2_07_Song_Exercise.mp4,
v12,step2,4,77-Step2_04_Song_The Farmer In the Dell.mp4,345-Step2_02_Song_Heungbu and Nolbu.mp4,344-Step2_01_Story_Heungbu and Nolbu.mp4,ss01_step6.mp4,255-Step2_06_Phonics_says_w.mp4,241-Step2_07_Phonics_short_o.mp4,ps01_step6.mp4,347-Step2_07_Song_Exercise.mp4,
v12,step3,1,"85-Step3_04_Song_To Market, To Market.mp4",351-sv2_s3_storysong.mp4,348-Step3_01_Story The Bremen Town Musician.mp3,ss01_step7.mp4,283-Step3_06_Phonics_short i.mp4,285-Step3_07_Phonics Word Family Song_ick.mp4,ps01_step7.mp4,349-Step3_03_Song_Taekwon Dance.mp4,
v12,step3,2,"85-Step3_04_Song_To Market, To Market.mp4",351-sv2_s3_storysong.mp4,348-Step3_01_Story The Bremen Town Musician.mp3,ss01_step7.mp4,285-Step3_07_Phonics Word Family Song_ick.mp4,286-Step3_07_Phonics Word Family Song_ink.mp4,ps01_step7.mp4,349-Step3_03_Song_Taekwon Dance.mp4,
v12,step3,3,"85-Step3_04_Song_To Market, To Market.mp4",351-sv2_s3_storysong.mp4,348-Step3_01_Story The Bremen Town Musician.mp3,ss01_step7.mp4,283-Step3_06_Phonics_short i.mp4,287-Step3_07_Phonics_Word Family Song ish.mp4,ps01_step7.mp4,349-Step3_03_Song_Taekwon Dance.mp4,
v12,step3,4,"85-Step3_04_Song_To Market, To Market.mp4",351-sv2_s3_storysong.mp4,348-Step3_01_Story The Bremen Town Musician.mp3,ss01_step7.mp4,285-Step3_07_Phonics Word Family Song_ick.mp4,285-Step3_07_Phonics Word Family Song_ick.mp4,ps01_step7.mp4,349-Step3_03_Song_Taekwon Dance.mp4,
