"id";"step";"volume";"uid";"rdate"
"admin";"step3";"v3";"#w1_2";"2023-11-10 09:18:45"
"admin";"step3";"v3";"#w1_2";"2023-11-10 09:18:45"
"admin";"step3";"v3";"#w1_1";"2023-11-10 09:18:45"
"admin";"step3";"v3";"#w1_1";"2023-11-10 09:18:51"
"admin";"step3";"v3";"#w2_1";"2023-11-10 09:18:56"
"admin";"basic";"v1";"#w1_1";"2023-11-10 09:19:18"
"admin";"step3";"v3";"#w1_5";"2023-11-10 09:19:24"
"admin";"step3";"v3";"#w2_2";"2023-11-10 09:19:28"
"admin";"step1";"v1";"#w2_1";"2023-11-10 09:19:56"
"admin";"step3";"v3";"#w1_1";"2023-11-10 11:59:36"
"admin";"step3";"v3";"#w1_1";"2023-11-10 11:59:55"
"admin";"step3";"v3";"#w1_1";"2023-11-10 12:00:09"
"admin";"step3";"v3";"#w1_1";"2023-11-10 12:00:47"
"admin";"step3";"v3";"#w1_2";"2023-11-10 12:02:22"
"admin";"step3";"v3";"w1_2";"2023-11-10 22:25:29"
"admin";"step3";"v3";"w1_2";"2023-11-10 22:28:45"
"admin";"step3";"v3";"w1_2";"2023-11-10 22:29:04"
"admin";"step3";"v3";"w1_2";"2023-11-10 22:29:40"
"admin";"step3";"v3";"w1_2";"2023-11-10 22:30:53"
"admin";"step3";"v3";"#w1_6";"2023-11-10 22:34:52"
"admin";"basic";"v1";"#w1_2";"2023-11-11 21:12:13"
"admin";"basic";"v1";"#w1_1";"2023-11-11 21:22:30"
